russian_city_name,english_city_name
Екатеринбург,Ekaterinburg
Самара,Samara
Ростов-на-Дону,Rostov-na-Donu
Набережные Челны,Naberezhnye Chelny
Волгоград,Volgograd
Чистополь,Chistopol
Нижний Новгород,Nizhny Novgorod
Пермь,Permian
Оренбург,Orenburg
Ханты-Мансийск,Khanty-Mansiysk
Заводоуковск,Zavodoukovsk
Туймазы,Tuymazy
Казань,Kazan
Краснодар,Krasnodar
Новосибирск,Novosibirsk
Москаленки,Moskalenki
Белгород,Belgorod
Бердск,Berdsk
Магнитогорск,Magnitogorsk
Воронеж,Voronezh
Тольятти,Tolyatti
Новокузнецк,Novokuznetsk
Саратов,Saratov
Аксай,Aksai
Армавир,Armavir
Владимир,Vladimir
Гвардейск,Gvardeysk
Челябинск,Chelyabinsk
Пойковский,Poikovsky
Красноярск,Krasnoyarsk
Сочи,Sochi
Шахты,Mines
Стерлитамак,Sterlitamak
Ярославль,Yaroslavl
Ростов,Rostov
Зеленодольск,Zelenodolsk
Калининград,Kaliningrad
Нижневартовск,Nizhnevartovsk
Нижнекамск,Nizhnekamsk
Муром,Murom
Тюмень,Tyumen
Канск,Kansk
Ижевск,Izhevsk
Энгельс,Engels
Бийск,Biysk
Братск,Bratsk
Иркутск,Irkutsk
Сургут,Surgut
Омск,Omsk
Петровская,Petrovskaya
Минусинск,Minusinsk
Каневская,Kanevskaya
Волжский,Volzhsky
Уфа,Ufa
Минеральные Воды,Mineral water
Юрга,Yurga
Гусев,Gusev
Калач-на-Дону,Kalach-na-Donu
Ачинск,Achinsk
Краснокамск,Krasnokamsk
Арамиль,Aramil
Нефтеюганск,Nefteyugansk
Ковров,Kovrov
Сосновское,Sosnovskoe
Дивное,Wonderful
Троицк,Troitsk
Альметьевск,Almetyevsk
Кимовск,Kimovsk
Тайшет,Taishet
Ильский,Icelandic
Миллерово,Millerovo
Давыдовка,Davydovka
Гуково,Gukovo
Кумылженская,Kumylzhenskaya
Октябрьское,The October
Грайворон,Graivoron
Барнаул,Barnaul
Мегион,Megion
Рубцовск,Rubtsovsk
Первоуральск,Pervouralsk
Глазов,Glazov
Искитим,Iskitim
Тула,Tula
Константиновское,Konstantinovsky
Славянск-на-Кубани,Slavyansk-on-Kuban
Салават,Salavat
Нижний Тагил,Nizhny Tagil
Михайловка,Mikhailovka
Кемерово,Kemerovo
Каменск-Шахтинский,Kamensk-Shakhtinsky
Азнакаево,Aznakaevo
Верхняя Пышма,Upper Pyshma
Березовский,Berezovsky
Новороссийск,Novorossiysk
Кисловодск,Kislovodsk
Марьяновка,Marjanovka
Кунгур,Kungur
Новочеркасск,Novocherkassk
Арзамас,Arzamas
Старый Оскол,Stary Oskol
Каменск-Уральский,Kamensk-Uralsky
Ессентуки,Yessentuki
Рыбинск,Rybinsk
Березники,Berezniki
Балаково,Balakovo
Кропоткин,Kropotkin
Похвистнево,Pohvistnevo
Дзержинск,Dzerzhinsk
Серов,Serov
Переславль-Залесский,Pereslavl-Zalessky
Камышин,Kamyshin
Верхний Уфалей,Upper Ufaley
Гусь-Хрустальный,Goose-crystal
Советск,Sovetsk
Губкин,Gubkin
Георгиевск,Georgievsk
Богородск,Bogorodsk
Володарск,Volodarsk
Целина,Celina
Невьянск,Nevyansk
Сызрань,Sizran
Горячий Ключ,Hot key
Усть-Илимск,Ust-Ilimsk
Геленджик,Gelendzhik
Донское,The Don
Анапа,Anapa
Мелеуз,Meleuz
Бузулук,Buzuluk
Ставрополь,Stavropol
Копейск,Kopeisk
Тбилисская,Tbilisi
Абинск,Abinsk
Кореновск,Korenovsk
Новомосковск,Novomoskovsk
Златоуст,Zlatoust
Карталы,Kartaly
Азов,Azov
Ангарск,Angarsk
Новоалтайск,Novoaltaysk
Богатое,Rich
Козулька,Kozulka
Бугульма,Bugulma
Котово,Kotovo
Бисерть,Beads
Якшур-Бодья,Yakshur-Bodja
Дюртюли,Dyurtyuli
Таганрог,Taganrog
Норильск,Norilsk
Соликамск,Solikamsk
Суворовская,Suvorovskaya
Тобольск,Tobolsk
Воткинск,Votkinsk
Новотроицк,Novotroitsk
Суксун,Suksun
Семенов,Semenov
Полазна,Polazna
Анжеро-Судженск,Anzhero-Sudzhensk
Шелехов,Shelekhov
Волгодонск,Volgodonsk
Нефтекамск,Neftekamsk
Чебаркуль,Chebarkul
Летняя Ставка,Summer Rate
Строитель,Builder
Невинномысск,Nevinnomyssk
Углич,Uglich
Железногорск,Zheleznogorsk
Миасс,Miass
Кущевская,Kuschevskaya
Тоцкое,Totsky
Маркс,Marx
Алексин,Aleksin
Красный Сулин,Red Sulin
Елабуга,Elabuga
Кстово,Kstovo
Изобильный,Abundant
Варениковская,Varenikovskaya
Октябрьский,October
Чекмагуш,Chekmagush
Выкса,Vyksa
Городец,Gorodets
Новокуйбышевск,Novokuibyshevsk
Талнах,Talnakh
Валуйки,Valuiki
Катав-Ивановск,Katav-Ivanovsk
Асбест,Asbestos
Бор,Bor
Белокуриха,Belokurikha
Губаха,Gubaha
Монетный,Monetary
Ишимбай,Ishimbay
Гороховец,Gorokhovets
Мыски,Myski
Ишим,Ishim
Павловская,Pavlovskaya
Чапаевск,Chapayevsk
Урай,Urai
Иноземцево кп,Inozemtsevo
Пятигорск,Pyatigorsk
Калачинск,Kalachinsk
Карасук,Karasuk
Архипо-Осиповка,Arkhipo-Osipovka
Прокопьевск,Prokopyevsk
Темрюк,Temryuk
Егорлыкская,Egorlykskaya
Озерск,Ozersk
Ейск,Yeysk
Жирнов,Zhirnov
Гурьевск,Gurievsk
Петушки,Petushki
Щекино,Shchekino
Сухобузимское,Suhobuzimskoye
Черноморский,Black Sea
Игра,A game
Сорочинск,Sorochinsk
Вольск,Volsk
Курумоч,Kurumoch
Тихорецк,Tikhoretsk
Павлово,Pavlovo
Грушевская,Grushevskaya
Белово,Belovo
Лениногорск,Leninogorsk
Шебекино,Shebekino
Белая Калитва,White Kalitva
Рощинский,Roshchinsky
Усолье-Сибирское,Usolye-Siberian
Борисоглебск,Borisoglebsk
Саянск,Sayansk
Гулькевичи,Gulkevichi
Сосновоборск,Sosnovoborsk
Балашов,Balashov
Крымск,Krymsk
Южноуральск,Yuzhnouralsk
Кыштым,Kyshtym
Лобаново,Lobanowo
Урюпинск,Uryupinsk
Михайловск,Mikhailovsk
Александров,Alexandrov
Шипуново,Shipunovo
Левокумское,Levokumskoe
Ильинская,Ilinskaya
Междуреченск,Mezhdurechensk
Усть-Лабинск,Ust-Labinsk
Мензелинск,Menzelinsk
Лысьва,Lysva
Оса,Wasp
Ершов,Ershov
Киселевск,Kiselevsk
Киреевск,Kireevsk
Ревда,Revda
Орск,Orsk
Полевской,Polevskoy
Узловая,Nodal
Россошь,Rossosh
Троицкое,Troitskoye
Ленинск-Кузнецкий,Leninsk-Kuznetskiy
Кольчугино,Kolchugino
Лесной,Forest
Краснотурьинск,Krasnoturinsk
Саянский,Sayanskiy
Алексеевка,Alekseyevka
Юрюзань,Yuruzan
Заволжье,Zavolzhye
Нефтекумск,Neftekumsk
Новокорсунская,Novokorsunskaya
Голышманово,Golyshmanovo
Безопасное,Secure
Зверево,Zverevo
Средний,Average
Чайковский,Chaikovsky
Гагино,Gagino
Северская,Severskaya
Белорецк,Beloretsk
Ленинградская,Leningradskaya
Багратионовск,Bagrationovsk
Новошахтинск,Novoshakhtinsk
Клетская,Kletskaya
Лиски,Liski
Ирбит,Irbit
Ахтырский,Akhtyrsky
Кумертау,Kumertau
Можга,Mozhga
Рефтинский,Reftinsky
Туапсе,Tuapse
Венев,Venev
Назарово,Nazarovo
Сарапул,Sarapul
Югорск,Yugorsk
Лянтор,Lyantor
Новоуральск,Novouralsk
Красные Баки,Red Banks
Батайск,Bataysk
Киржач,Kirzhach
Кудымкар,Kudymkar
Тара,Tara
Лабинск,Labinsk
Юрьев-Польский,Yuryev-Polsky
Усть-Кут,Ust-Kut
Аша,Asha
Будённовск,Budennovsk
Ефремов,Efremov
Фролово,Frolovo
Медведовская,Medvedovskaya
Гремячинск,Gremyachinsk
Коркино,Korkino
Джалиль,Jalil
Добрянка,Dobryanka
Белебей,Belebey
Каратузское,Karatuzskoe
Артемовский,Artemovsky
Первомайск,Pervomaisk
Ипатово,Ipatovo
Мостовской,Mostovskoy
Плавск,Plavsk
Барабинск,Barabinsk
Чунский,Chunsky
Карабаново,Karabanovo
Балахна,Balakhna
Бутурлиновка,Buturlinovka
Константиновский,Konstantinovsky
Снежинск,Snezhinsk
Собинка,Sobinka
Отрадный,Pleasant
Зима,Winter
Кировград,Kirovgrad
Курганинск,Kurganinsk
Калач,Kalach
Чернушка,Chernushka
Брюховецкая,Bryukhovetskaya
Новодмитриевская,Novodmitrievskaya
Семикаракорск,Semikarakorsk
Советский,Soviet
Раевский,Rayevsky
Саров,Sarov
Лесосибирск,Lesosibirsk
Менделеевск,Mendeleevsk
Частые,Frequent
Табуны,Herdsmen
Агаповка,Agapovka
Сальск,Salsk
Пионерский,Pioneer
Арзгир,Arzgir
Морозовск,Morozovsk
Осинники,Osinniki
Белоярский,Beloyarsky
Нижняя Салда,Lower Salda
Донецк,Donetsk
Черняховск,Chernyakhovsk
Петровск,Petrovsk
Заинск,Zainsk
Пыть-Ях,Pyt-Yakh
Шахунья,Shahunya
Озерки,Ozerki
Старотитаровская,Starotitarovskaya
Кагальницкая,Kagalnitskaya
Камень-на-Оби,Stone-on-Obie
Дегтярск,Degtyarsk
Хвалынск,Khvalynsk
Боголюбово,Bogolyubovo
Верхний Услон,Upper Uslong
Пугачев,Pugachev
Дудинка,Dudinka
Шарыпово,Sharypovo
Шаркан,Sharkan
Староминская,Starominskaya
Соль-Илецк,Sol-Iletsk
Новоминская,Novominskaya
Калининская,Kalininskaya
Нурлат,Nurlat
Балтийск,Baltiysk
Дубовое,Oak
Пошехонье,Poshekhonye
Кормиловка,Feeding
Ставрово,Stavrovo
Апшеронск,Apsheronsk
Богданович,Bogdanovich
Хомутово,Khomutovo
Натухаевская,Natukhaevskaya
Нижняя Тура,Lower Tour
Железноводск,Zheleznovodsk
Сатка,Satka
Чкаловск,Chkalovsk
Янаул,Yanaul
Хадыженск,Khadyzhensk
Подгоренский,Podgorensky
Зирган,Zirgan
Степное,Steppe
Красный Кут,Red Kut
Большая Черниговка,The Big Chernigovka
Лангепас,Langepas
Радужный,Rainbow
Ртищево,Rtishchevo
Полысаево,Polysaevo
Светлогорск,Svetlogorsk
Тальменка,Talmenka
Суздаль,Suzdal
Миньяр,Minyar
Безенчук,Bezenchuk
Камбарка,Kambarka
Анапская,Anapa
Новосемейкино,Novosemeykino
Маслова Пристань,Maslova Pristan
Приобье,Ob
Калининск,Kalininsk
Воротынец,Vorotynets
Данилов,Danilov
Болгар,Bulgar
Зеленокумск,Zelenokumsk
Александровское,Aleksandrovskoe
Нягань,Nyagan
Шиханы,Shihany
Черемхово,Cheremkhovo
Арск,Arsk
Ижморский,Izhmorskiy
Верхние Татышлы,The Upper Tatishli
Тогучин,Toguchin
Ольховка,Olhovka
Среднеуральск,Sredneuralsk
Заречный,Zarechny
Урень,Uren
Вешенская,Veshenskaya
Алапаевск,Alapaevsk
Зеленогорск,Zelenogorsk
Навашино,Navashino
Белореченск,Belorechensk
Камышла,Kamyshla
Славгород,Slavgorod
Ялуторовск,Yalutorovsk
Воронежская,Voronezhskaya
Светлый,Light coloured
Покров,Cover
Аксубаево,Aksubaevo
Бугуруслан,Buguruslan
Ивантеевка,Ivanteyevka
Пестрецы,Pestreets
Култук,Kultuk
Куйбышев,Kuibyshev
Игрим,Igrim
Орловский,Orel
Буинск,Buinsk
Реж,Dir
Кулебаки,Culebaki
Новоалександровск,Novoaleksandrovsk
Кинель,Kinel
Лакинск,Lakinsk
Учалы,Uchaly
Тоншаево,Tonshaevo
Меленки,Melencki
Ардатов,Ardatov
Новокубанск,Novokubansk
Муслюмово,Muslyumovo
Пречистое,Pure
Тавда,Tavda
Ессентукская,Essentuki
Платнировская,Platnirovskaya
Байкальск,Baikalsk
Пласт,Plast
Североуральск,Severouralsk
Тутаев,Tutayev
Серафимовский,Serafimovsky
Тюльган,Tulgan
Красногорский,Krasnogorskiy
Промышленная,Industrial
Хохольский,Khokholsky
Буздяк,Bumblebee
Парковый,Park
Зерноград,Zernograd
Когалым,Kogalym
Малояз,Lazy
Полтавка,Poltavka
Нижнеудинск,Nizhneudinsk
Вязники,Vyazniki
Елизаветинская,Elizavetinskaya
Красноуфимск,Krasnoufimsk
Красноармейск,Krasnoarmeysk
Черемшан,Cheremshan
Лермонтов,Lermontov
Жигулевск,Zhigulevsk
Плотниково,Plotnikovo
Чердынь,Cherdyn
Топки,Firebox
Супсех,Supsex
Новопокровская,Novopokrovskaya
Зауральский,Trans-Ural
Первомайский,Pervomaisky
Советская,Soviet
Куркино,Kurkino
Усть-Катав,Ust-Katav
Бутурлино,Buturlino
Любинский,Lyubinsky
Камышлов,Kamyshlov
Веселый,Cheerful
Касли,Kasli
Вача,Vacha
Аткарск,Atkarsk
Выселки,Settlements
Красноярка,Krasnoiarka
Некрасовское,Nekrasovskoe
Линда,Linda
Тугулым,Tugular
Острогожск,Ostrogozhsk
Языково,Language
Чалтырь,Chaltyre
Чишмы,Chishmy
Сарманово,Sarmanovo
Панино,Panino
Майкор,Maikor
Пролетарск,Proletarsk
Сухой Лог,Dry Log
Полтавская,Poltava
Сузун,Suzun
Талинка,Talinka
Мариинск,Mariinsk
Северный,Northern
Новоузенск,Novouzensk
Тимашевск,Timashevsk
Светлоград,Svetlograd
Рудня,Rudnia
Псебай,Psebay
Садовое,Garden
Чернянка,Chernyanka
Аскарово,Askarovo
Колывань,Kolyvan
Шушенское,Shushenskoe
Кувандык,Kuvandyk
Богатые Сабы,Rich Saba
Новобатайск,Novobaytaysk
Кушва,Kushva
Сибай,Sibai
Верещагино,Vereshchagino
Прохоровка,Prokhorovka
Воскресенское,Resurrection
Спицевка,Spitsevka
Джубга кп,Dzhubga kp
Междуреченский,Mezhdurechensky
Излучинск,Izluchinsk
Афипский,Afipsky
Красный Яр,Krasny Yar
Дивногорск,Divnogorsk
Бреды,Bredy
Сива,Siwa
Кугульта,Cugulta
Нововоронеж,Novovoronezh
Переправная,Overfishing
Решетиха,Reshetiha
Старая Станица,Staraya Stanitsa
Мелиховская,Melihovskaya
Нехаевская,Nekhaevskaya
Белый Яр,White Yar
Боровский,Borovsky
Алейск,Aleysk
Успенское,Assumption
Верхняя Тура,Upper Tour
Свирск,Svirsk
Лукоянов,Lukoyanov
Боргустанская,Borgustan
Вихоревка,Vihorevka
Высокая Гора,High mountain
Давлеканово,Davlekanovo
Камешково,Kameshkovo
Апастово,Apastovo
Иглино,Iglino
Ровеньки,Rovenki
Качканар,Kachkanar
Новомихайловский кп,Novomikhailovsky Kn
Поворино,Povorino
Очер,Ocher
Благовещенск,Blagoveshchensk
Чик,Chick
Слюдянка,Slyudyanka
Батуринская,Baturinskaya
Чусовой,Chusovoy
Павлоградка,Pavlogradka
Заокский,Zaoksky
Рыздвяный,Ridiculous
Нефтегорск,Neftegorsk
Жирновск,Zhirnovsk
Верхнеуральск,Verhneuralsk
Отказное,Refusal
Трехгорный,Trehgorny
Северо-Задонск,North-Zadonsk
Анастасиевская,Anastasievskaya
Тяжинский,Tyazhinsky
Струнино,Strunino
Смоленское,Smolenskoye
Белев,Belev
Абатское,Abat
Новоаннинский,Novoanninsky
Болотное,Swamp green
Заринск,Zarinsk
Алтайское,Altai
Нижнесортымский,Nizhnesortimsky
Нижние Вязовые,Lower Elm
Новодеревянковская,Novodeveryankovskaya
Емельяново,Yemelyanovo
Городище,Settlement
Отрадная,Pleasant
Ельцовка,Eltsovka
Новомышастовская,Novomyshastovskaya
Мышкин,Myshkin
Староуткинск,Starotkinsk
Караидель,Caraydel
Суровикино,Surovikino
Красногвардейское,Krasnogvardeyskoye
Благодарный,Grateful
Суходол,Sukhodol
Белая Глина,White clay
Приморско-Ахтарск,Primorsko-Akhtarsk
Лысково,Lyskovo
Азовская,The Azov
Большой Луг,The Great Meadow
Романово,Romanovo
Кинель-Черкассы,Kinel-Cherkasy
Динская,Dinskaya
Ужур,Uzhur
Волоконовка,Volokonovka
Приютово,Priyutovo
Топчиха,Topchikha
Заветное,Treasured
Троицкая,Troitskaya
Таштагол,Tashtagol
Ирбейское,Irbeiskoe
Поспелиха,Pospelikha
Старощербиновская,Staroshcherbinovskaya
Новый Оскол,New Oskol
Березовка,Berezovka
Казанская,The Kazan
Починки,Fixes
Богородицк,Bogoroditsk
Зольская,Zolskaya
Суворов,Suvorov
Усть-Донецкий,Ust-Donetsk
Чертково,Chertkovo
Калтан,Kaltan
Абдулино,Abdulino
Нытва,Nytva
Бирск,Birsk
Цимлянск,Tsymlyansk
Межозерный,Mezhozerny
Ува,Uva
Анна,Anna
Сергач,Sergach
Качуг,Kachug
Перевоз,Transportation
Карабаш,Karabash
Ермекеево,Yermekeyevo
Киргиз-Мияки,Kirghiz-Miyake
Заозерный,Zaozerny
Донской,Donskoy
Туртас,Turtas
Большой Исток,Great Source
Горняк,Miner
Верхний Мамон,Upper Mammon
Костерево,Kocharyovo
Большеречье,Bolsherechye
Федоровский,Fedorovsky
Упорово,Uporovo
Ясногорск,Yasnogorsk
Сокольское,Sokolskoye
Неман,Niemen
Яр,Yar
Ливенка,Livenka
Новотитаровская,Novotitarovskaya
Кулешовка,Kuleshovka
Красносельский,Krasnoselsky
Красноуральск,Krasnouralsk
Верхняя Хава,Upper Hawa
Уяр,Uyar
Зимовники,Winterers
Ольховатка,Olhovatka
Тулун,Tulun
Горнозаводск,Gornozavodsk
Нижняя Тавда,Lower Tavda
Судогда,Sudogda
Эртиль,Ertil
Солдато-Александровское,Soldato-Aleksandrovskoe
Увельский,Uvelsky
Тетюши,Aunts
Нестеров,Nesterov
Карпинск,Karpinsk
Черлак,Chalk
Аргаяш,Argayash
Григорополисская,Grigoropolis
Муромцево,Muromtsevo
Куйбышево,Kuybyshevo
Песчанокопское,Peschanokopskoe
Еткуль,Etkul
Прибрежный,Coastal
Татарск,Tatarsk
Ребриха,Rebriha
Дальнее Константиново,The far Konstantinovo
Месягутово,Mesyagutovo
Яровое,Spring
Колодезный,Well
Кизильское,Kizil
Чернь,Black
Константиновск,Konstantinovsk
Беляевка,Belyaevka
Зеленоградск,Zelenogradsk
Ивдель,Ivdel
Бриньковская,Brinkovskaya
Краснозерское,Krasnozerskoe
Иланский,Ilan
Крыловская,Krylovskaya
Ленинский,Leninist
Вольгинский,Volginsky
Исилькуль,Isilkul
Агроном,Agronomist
Залари,Zalari
Шерегеш,Sheregesh
Куса,Kusa
Усть-Качка,Ust-Kachka
Серафимович,Serafimovich
Палласовка,Pallasovka
Борисовка,Borisovka
Короча,Korocha
Куйтун,Kuitun
Кочубеевское,Kochubeyevskoe
Дубна,Dubna
Львовское,Lviv
Долгодеревенское,Dolgoderevenskoe
Новопавловск,Novopavlovsk
Курсавка,Kursavka
Куеда,Kueda
Хабары,Khabaras
Ленинск,Leninsk
Родионово-Несветайская,Rodionowo-Nesvetai
Коченево,Kochenevo
Средний Икорец,Average Icorec
Рязанская,Ryazan
Седельниково,Sedelnikovo
Еманжелинск,Emanzhelinsk
Кизел,Kizel
Павловск,Pavlovsk
Новый Рогачик,The New Rohachik
Гаврилов-Ям,Gavrilov-Yam
Железногорск-Илимский,Zheleznogorsk-Ilimsky
Бавлы,Bavly
Кизнер,Kizner
Новая Усмань,New Usman
Рощино,Roshchino
Сенной,Hay
Верхнерусское,Upper-Russian
Самарское,Samara
Александровск,Aleksandrovsk
Мальчевская,Malchevskaya
Линево,Linevo
Медногорск,Mednogorsk
Краснознаменск,Krasnoznamensk
Подгорный,Podgorny
Ермаковское,Ermakovskoe
Багаевская,Bagaevskaya
Уруссу,Urusu
Чебеньки,Chebenki
Болохово,Bolokhovo
Новичиха,Novichikha
Балашейка,Balasheyka
Витязево,Vityazevo
Бородино,Borodino
Боготол,Bogotol
Омутинское,Omutinsky
Новосмолинский,Novosmolinsky
Актюбинский,Aktobe
Енисейск,Yeniseisk
Курская,Kursk
Кез,Kez
Гай,Guy
Кунашак,Kunashak
Богучар,Boguchar
Ладожская,Ladoga
Азово,Azov
Таловая,Talovaya
Голубицкая,Golubitskaya
Талица,Talica
Инской,Inskoy
Ракитное,Rakitnoe
Солнечнодольск,Solnechnodolsk
Ордынское,Ordynsky
Завьялово,Zavyalovo
Ермолаево,Ermolaevo
Холмская,Kholmskaya
Тимирязевский,Timiryazevsky
Большое Мурашкино,Bolshaya Murashkino
Мамонтово,Mamontovo
Яйва,Yaiva
Новоукраинское,New Ukrainian
Двуреченск,Dvurechensk
Челно-Вершины,Chelno-Peaks
Тамань,Taman
Агидель,Agidel
Котельниково,Kotelnikovo
Солнечный,Solar
Ильинский,Ilinsky
Иловля,Ilovlya
Бирюч,Biryuch
Бодайбо,Bodaibo
Дёмино,Demino
Дивеево,Diveevo
Знаменск,Znamensk
Ковернино,Cauternino
Кантемировка,Kantemirovka
Саракташ,Saraktash
Балтаси,Baltasi
Каменоломни,Quarries
Исянгулово,Issyangulovo
Александрийская,Alexandrian
Ахтарский,Akhtarsky
Пестравка,Pestravka
Канеловская,Kanelovskaya
Алнаши,Alnashi
Тарасовский,Tarasovsky
Красная Яруга,The Red Yaruga
Сысерть,Sysert
Красноармейское,Red Army
Тайга,Taiga
Томаровка,Tomarovka
Барда,Barda
Фастовецкая,Fastovetskaya
Лаишево,Laishevo
Алексеевское,Alekseevskoe
Бобров,Bobrov
Залесово,Zalesovo
Шепси,Shepsy
Уральский,The Urals
Исетское,Isetskoye
Актаныш,Aktanysh
Зональное,Zonal
Терновка,Turnovka
Вишневогорск,Vishnevogorsk
Васюринская,Vasyurinskaya
Туринск,Turinsk
Миасское,Miass
Налобиха,Nalobiha
Ясный,Clear
Малая Пурга,The Small Blizzard
Туринская Слобода,Turin Sloboda
Старовеличковская,Starovelichkovskaya
Елань,Yelan
Богандинский,Bogandinsky
Оханск,Okhansk
Баймак,Baymak
Урожайное,Harvesting
Черепаново,Cherepanovo
Борское,Borskoe
Семилуки,Semiluki
Камские Поляны,Kamsky Glade
Красноусольский,Krasnousolsky
Кротовка,Krotovka
Михайловское,Mikhailovskoye
Большая Глушица,Greater Glushitsa
Бердюжье,Birdjoe
Березанская,Berezanskaya
Майский,May
Вейделевка,Veidelevka
Пономарёвка,Ponomarevka
Курлово,Kurlovo
Светлый Яр,Bright Yar
Переволоцкий,Perevolotsky
Косиха,Kosiha
Пластуновская,Plastunovskaya
Ростовка,Rostovka
Георгиевская,Georgievskaya
Гражданское,Civil
Каскара,Cascara
Ярославская,Yaroslavl
Виноградный,Grape
Глубокий,Deep
Малиновое Озеро,Raspberry Lake
Правдинск,Pravdinsk
Васильево,Vasilyevo
Васильково,Vasilkovo
Бородинский,Of Borodino
Николаевск,Nikolayevsk
Каракулино,Karakulino
Птичье,Bird
Мегет,Meget
Таежный,Taiga
Кузино,Cousin
Яя,Yaya
Шаранга,Sharanga
Красная Поляна,Krasnaya Polyana
Новотроицкая,Novotroitskaya
Тацинская,Tatsinskaya
Петра Дубрава,Petra Dubrava
Бакал,Bakal
Новониколаевский,Novonikolaevsky
Обильное,Abundant
Агрыз,Agryz
Каширское,Kashirskoye
Митрофановка,Mitrofanovka
Винзили,Vinzili
Верхние Киги,Upper Kigi
Нежинка,Nezhinka
Стрелецкое,Streletskoye
Крутинка,Krutinka
Новосергиевка,Novosergievka
Старое Дрожжаное,Old Yeast
Яшкино,Yashkino
Полесск,Polessk
Краснокаменск,Krasnokamensk
Шелаболиха,Shelabolicha
Большое Козино,Great Cosino
Култаево,Kultayevo
Рыбная Слобода,Fish Sloboda
Варна,Varna
Береславка,Bereslavka
Уйское,Uyskoe
Ивановская,Ivanovskaya
Средняя Ахтуба,Average Akhtuba
Калужская,Kaluga
Первомайское,Pervomaiskoye
Ключи,Keys
Октябрьск,October
Лихой,Dashing
Шатки,Shatki
Большая Мартыновка,Bolshaya Martynivka
Русская Поляна,Russkaya Polyana
Новоаганск,Novoagansk
Бураево,Buraevo
Аркадак,Arcadak
Кривянская,Krivyanskaya
Верхотурье,Verhoture
Андреево,Andreevo
Ладушкин,Ladushkin
Стародеревянковская,Staroderevyankovskaya
Белоярск,Beloyarsk
Называевск,Nazyvayevsk
Грибановский,Gribanovsky
Кутулик,Koutulik
Старомышастовская,Staromyshastovskaya
Краснощеково,Krasnoschekovo
Рассвет,Dawn
Курагино,Kuragino
Тисуль,Tisul
Грамотеино,Gramoteino
Пролетарский,Proletarian
Арья,Arya
Змеиногорск,Zmeinogorsk
Верхняя Салда,Upper Salda
Трудобеликовский,Trudobelkovsky
Новая Игирма,New Igirma
Приморск,Primorsk
Новый Городок,New Town
Уразово,Urazovo
Грачевка,Grachevka
Кукмор,Quaker
Николо-Павловское,Nikolo-Pavlovskoye
Сюмси,Syumshi
Агинское,Aginskoye
Кабардинка,Kabardinka
Усть-Уда,Ust-Uda
Ивня,Willow
Осиново,Osinovo
Мамадыш,Mamadysh
Дубовка,Dubovka
Большая Мурта,Greater Murta
Криводановка,Krivodanovka
Ерзовка,Erzivka
Красная Горбатка,Red Gorbatka
Балакирево,Balakirevo
Оек,Oak
Вавож,Vavozh
Белореченский,Belorechensky
Приволжье,Privolzhie
Кашары,Potholes
Мошково,Moshkowo
Абан,Aban
Южный,Southern
Хрящевка,Gristle
Новый Некоуз,New Nekouz
Волчанск,Volchansk
Звездный,Star
Одесское,Odessa
Ветлуга,Vetluga
Осинки,Osinki
Усть-Чарышская Пристань,Ust-Charyshskaya Prystan
Новоселицкое,Novoselitskoye
Авдон,Avdon
Мамоново,Mamonovo
Кандры,Kandra
Полетаево,Poletaevo
Салаир,Salair
Межгорье,Mezhgore
Кошки,Cats
Краснооктябрьский,The Red October
Арти,Artie
Должанская,Dolzhanskaya
Юргинское,Yurginsky
Домбаровский,Dombarovsky
Кодинск,Kodinsk
Петров Вал,Petrov Val
Камское Устье,Kamskoye Ustye
Новогуровский,Novogurovsky
Небуг,Nebug
Мирный,Peaceful
Атиг,Atig
Новолуговое,Novy Lugovoe
Матвеев-Курган,Matveyev-Kurgan
Покачи,Pokachi
Новохоперск,Novokhopersk
Бачатский,Bachatsky
Селты,Celta
Красногорское,Krasnogorsk
Сеченово,Sechenovo
Старобалтачево,Starobaltachevo
Веселое,Merry
Саргатское,Sargatsky
Репьевка,Reference
Чесма,Chesma
Курчанская,Kurchanskaya
Новоджерелиевская,Novodzherelyevskaya
Краснообск,Krasnoobsk
Юсьва,Yusva
Тоцкое Второе,Totsky Second
Пшехская,Pshehskaya
Одоев,Odoev
Нововаршавка,Novovarshavka
Сосьва,Sosva
Уинское,Uinskoye
Пятигорский,Pyatigorsky
Кильмезь,Kil'mez
Черноисточинск,Chernoistochinsk
Адамовка,Adamovka
Казьминское,Kazminsky
Киясово,Kiyasovo
Старонижестеблиевская,Staronizhesteblyevskaya
Рамонь,Ramon
Мысхако,Myskhako
Балезино,Balezino
Юганец,Yuganets
Новая Заимка,New Zaimka
Сылва,Sylva
Головчино,Golovchino
Боковская,Bokovskaya
Волово,Volovo
Шербакуль,Sherbakul
Боровиха,Borovikha
Раздольная,Razdolnaya
Ярково,Yarkovo
Тургояк,Turgoyak
Крапивинский,Krapiwinsky
Краснослободск,Krasnoslobodsk
Ольгинская,Olginskaya
Вознесенское,Ascension
Кармаскалы,Carmacales
Спасское,Spassky
Канашево,Kanashevo
Александровка,Alexandrovka
Труновское,Trunovskoe
Тельма,Thelma
Таврическое,Taurian
Ильиногорск,Ilinogorsk
Ворсма,Vorsma
Тимашево,Timashevo
Бакалы,Bakalah
Верх-Чебула,Verh-Chebula
Быково,Bykovo
Пески,Sands
Чулым,Chulym
Смоленская,Smolenskaya
Сим,Sim
Бижбуляк,Bizhbulyak
Юца,Yutz
Никологоры,Nicologory
Усть-Кинельский,Ust-Kinelsky
Сумкино,Sukhkino
Асекеево,Asekeyevo
Здвинск,Zdvinsk
Карагай,Karagai
Спокойная,Calm
Смышляевка,Smyshlyaevka
Целинное,Virgin
Толбазы,Tolbagy
Еланский,Yelanskiy
Кондратово,Kondratovo
Архангельское,Arkhangelskoye
Девица,The Maiden
Некрасовская,Nekrasovskaya
Липки,Limes
Борисоглебский,Borisoglebsky
Хохол,Khokhol
Вышестеблиевская,Vyshesteblievskaya
Темиргоевская,Temirgoevskaya
Мраково,Mrakowo
Шигоны,Shigons
Солтон,Salton
Благовещенка,Annunciation
Каргат,Kargath
Бирюсинск,Biryusinsk
Троицкий,Troitsky
Верхнеяркеево,Verkhnejarkevo
Кисляковская,Kislyakovskaya
Кулунда,Kulunda
Сергиевск,Sergievsk
Нязепетровск,Nyazepetrovsk
Октябрьская,The October
Новоорск,Novoorsk
Городищи,Townships
Преображенская,Preobrazhenskaya
Усть-Ишим,Ust-Ishim
Пелагиада,Pelagiada
Свободы,Freedom
Маньково-Калитвенское,Mankovo-Kalitva
Попутная,Passable
Бобровский,Bobrovsky
Новолеушковская,Novoleushkovskaya
Юго-Камский,South-Kamsky
Бессоновка,Bessonovka
Сладково,Sladkovo
Дубовское,Dubovskoe
Цементный,Cement
Верхнее Дуброво,Upper Dubrovo
Сибирский,Siberian
Гостагаевская,Gostagayevskaya
Ясная Поляна,Yasnaya Polyana
Прибельский,Pribelsky
Нижние Серги,Lower Sergi
Большегривское,Bolshygriv
Вагай,Vagay
Купино,Kupino
Питерка,Piterka
Сокольники,Sokolniki
Арсеньево,Arsenyevo
Усть-Ордынский,Ust-Orda
Новоплатнировская,Novoplatyrovskaya
Новоблагодарное,Thanksgiving
Новоомский,Novoomsky
Акъяр,Akyar
Княгинино,Knyaginino
Кировская,Kirov
Тевриз,Tevryz
Ладовская Балка,Ladovsky Beam
Орда,Horde
Алзамай,Alzamay
Дуван,Duvan
Акбулак,Akbulak
Оверята,Overiata
Шаля,Chal
Шолоховский,Sholokhovsky
Новобирюсинский,Novobiryusinsky
Славск,Slavsk
Аромашево,Aromashevo
Буревестник,Burevestnik
Подбельск,Podbelsk
Калниболотская,Kalnibolotskaya
Пильна,Pilna
Каменка,Wheatear
Кавказская,Caucasian
Шабры,Shabras
Марьянская,Mariyanskaya
Елово,Elovo
Гривенская,Grivenskaya
Дружинино,Druzhinino
Милютинская,Milyutinskaya
Хрущево,Khrushchev
Зудилово,Zudilovo
Бохан,Bohan
Брейтово,Breitovo
Новоуткинск,Novotkinsk
Шаран,Sharan
Сакмара,Sakmara
Хреновое,Horseradish
Татарка,Tatar
Нововеличковская,Novolivelichkovskaya
Мундыбаш,Mundybash
Шкуринская,Shkurinskaya
Петровское,Petrovskoye
Краснотуранск,Krasnoturansk
Грицовский,Gritsovsky
Краснокумское,Krasnokumskoye
Вад,In hell
Чистоозерное,Clean
Байкалово,Baikalovo
Краснобродский,Krasnobrodsky
Роза,rose flower
Усолье,Usolye
Гигант,Giant
Еманжелинка,Emanjelinka
Благодатное,Blagodatnoe
Стройкерамика,Stroykeramika
Венцы,Crowns
Дубовый Умет,Oak Oat
Бердяуш,Berdyaush
Большая Орловка,Bolshaya Orlovka
Бродокалмак,Brodokalmak
Грачёвка,Grachevka
Бесскорбная,Unsafe
Комсомольский,Komsomol
Соломенское,Solomenskoye
Юмагузино,Yumaguzino
Алкино-2,Alkino-2
Северное,Northern
Саратовская,Saratov
Тюкалинск,Tyukalinsk
Покровское,Pokrovskoe
Кытманово,Kytmanovo
Семибратово,Semibratovo
Юкаменское,Yukamenskoe
Пышма,Pyshma
Обь,Ob
Баранчинский,Baranchinsky
Балахта,Balakhta
Латная,Latnaia
Краснохолмский,Krasnokholmsky
Сростки,Srostki
Московское,Moscow
Антипино,Antipino
Советское,Soviet
Обливская,Oblivska
Абрау-Дюрсо,Abrau Durso
Салым,Salym
Московский,Moscow
Большое Село,Big Village
Красное,Red
Большое Болдино,Great Boldino
Ачит,Achit
Фершампенуаз,Ferschampenoise
Даниловка,Danilovka
Зеленогорский,Zelenogorsk
Тасеево,Taseevo
Петропавловская,Petropavlovskaya
Кирпильская,Kirpilskaya
Большая Джалга,Big Jalga
Красногвардеец,Red Guard
Новые Зори,New Zori
Родино,Rodino
Викулово,Vikulovo
Субханкулово,Subkhankulovo
Кольцово,Koltsovo
Мишкино,Mishkino
Правокумское,The Pravocumian
Большое Сорокино,Great Sorokino
Новониколаевская,Novonikolaevskaya
Новый Буян,New Buyan
Атаманская,Atamanskaya
Переясловская,Pereyaslovskaya
Тирлянский,Tirlyansky
Старолеушковская,Staroleushkovskaya
Баево,Baevo
Маркова,Markov
Малиновка,Robin
Старомарьевка,Staromarevka
Шарлык,Sharlik
Буланаш,Bulanash
Кагальник,Kagalnik
Дорогино,Dorogino
Казанское,Kazan
Отрадное,Otradnoe
Большая Соснова,Greater Sosnov
Клявлино,Klyavlino
Горьковское,Gorkovskoye
Нижнебаканская,Lower Balkan
Роговатое,Horny
Горноуральский,Gornouuralsky
Кабаково,Kabakovo
Озинки,Ozinki
Владимирская,Vladimirskaya
Венгерово,Vengerovo
Гофицкое,Gofitskoe
Елховка,Elhovka
Балаганск,Balagansk
Родниковская,Rodnikovskaya
Новая Ляля,New Lyalya
Карагайлинский,Karagaylinsky
Горный,Mountain
Бавлены,Bavlena
Ивановское,Ivanovo
Брусянский,Brusyansky
Бурлацкое,Burlatskoe
Садовый,Garden
Цибанобалка,Cibanobalka
Верхняя Тишанка,Upper Tishanka
Верхняя Синячиха,Upper Sinyachikha
Лог,Log
Антиповка,Antipovka
Верх-Ирмень,Verh-Irmen
Уват,Uvat
Ташла,Tashla
Юрла,Jurla
Кукуштан,Kukushtan
Гамово,Gamowo
Алексеевская,Alekseevskaya
Аскино,Ascino
Новошешминск,Novosheshminsk
Чернуха,Chernukha
Мама,Mama
Большая Ирба,Bolshaya Irba
Свободный,Free
Новочернореченский,Novochernorechensky
Верхний Тагил,Upper Tagil
Пижма,Tansy
Фоки,Focky
Каз,Kaz
Кушнаренково,Kushnarenkovo
Красные Ткачи,Red Weavers
Арпачин,Arpachin
Саваслейка,Savasleika
Энергетик,Energetik
Плешаново,Pleshanovo
Зыково,Zykovo
Привольное,Privolnoye
Дядьковская,Dyadkovskaya
Филимоново,Filimonovo
Козловка,Kozlovka
Галюгаевская,Galyugaevskaya
Исеть,Iset
Подстепки,Podstepki
Шентала,Shentala
Большой Лог,Big Log
Аксаково,Aksakovo
Ремонтное,Repair
Темижбекская,Temizhbek
Верхние Серги,Upper Sergi
Дивноморское,Divnomorskoe
Верх-Нейвинский,Upper-Neuwinian
Идринское,Idrinsky
Затеречный,Zatererny
Великовечное,The Magnificent
Шалинское,Shalinsky
Русский Акташ,Russian Aktash
Скородное,Crowd
Теплое,Warm
Еланцы,Elance
Ясногорский,Yasnogorskiy
Малышева,Malysheva
Ачикулак,Achikulak
Крутиха,Krutiha
Новогорный,New Year
Оконешниково,Okoneshnikovo
Романовская,Romanovskaya
Обшаровка,Obsharovka
Роговская,Rogowska
Шедок,Shared
Новый Егорлык,New Egorlyk
Зилаир,Zilair
Стерлибашево,Sterlibashovo
Дебёсы,Debusses
Большой Улуй,Bolshoy Uluy
Лысогорская,Lysogorskaya
Кудряшовский,Kudryashovskiy
Ясенская,Yasenskaya
Барсуковская,Barsukovskaya
Коржевский,Korzhevsky
Новый,New
Красновишерск,Krasnovishersk
Абрамовка,Abramovka
Хохряки,Hohriaks
Нины,Nina
Березово,Berezovo
Ленина,Lenin
Александров Гай,Alexandrov Guy
Мулино,Mulino
Развильное,Developmental
Усть-Калманка,Ust-Kalmanka
Агой,Agoy
Пешково,Peshkovo
Гремячье,Gremyachye
Чернышковский,Chernyshkovsky
Билимбай,Bilimbai
Кропачево,Kropachevo
Базарные Матаки,Bazaar Mataki
Степное Озеро,Steppe Lake
Архангельская,Arkhangelsk
Солонешное,Solonechnoe
Киевское,Kyivskoe
Нижний Мамон,Lower Mamon
Лесная Поляна,Forest Glade
Исаклы,Isakly
Ревякино,Revyakino
Разумное,Reasonable
Федоровка,Fedorovka
Старая Полтавка,Old Poltavka
Волчиха,Wolf
Петропавловка,Petropavlovka
Усть-Кишерть,Ust-Kushert
Нижний Кисляй,Lower Kisliai
Покойное,The deceased
Богучаны,Boguchany
Ис,Is
Хворостянка,Hvorostyanka
Раевская,Raevskaya
Товарковский,Tokakovsky
Этока,Ethic
Русское,Russian
Янтарный,Amber
Курманаевка,Kurmanaevka
Винсады,Vinzady
Чунояр,Chunyar
Усть-Тарка,Ust-Tarka
Александровская,Aleksandrovskaya
Большие Уки,Great Uky
Зюкайка,Zukayka
Персиановский,Persian
Александрия,Alexandria
Верх-Тула,Upper Tula
Большеустьикинское,Bolshoy Tyukinsky
Илек,Ilek
Красюковская,Krasyukovskaya
Величаевское,Velichayevskoe
Николо-Березовка,Nikolo-Berezovka
Придонский,Pridonsky
Лобва,Lobwa
Шемордан,Shemordan
Джигинка,Jiginka
Привольная,Privolnaya
Ждановский,Zhdanovsky
Афонино,Afonino
Мингрельская,Mingrelian
Исток,Source
Тумботино,Tumbotino
Гайдук,Hajduk
Огаревка,Ogarevka
Калманка,Kalmanka
Калтасы,Caltas
Новолабинская,Novolabinskaya
Памяти 13 Борцов,In Memory of 13 Fighters
Матвеевка,Matveyevka
Краснохолм,Redholm
Трудармейский,Labor
Золотково,Zolotkovo
Подтесово,Podtesovo
Кочево,Kochevo
Елань-Колено,Elan-Knee
Любим,Love
Новорождественская,New Christmas
Бехтеевка,Bekhteevka
Зайково,Zaykovo
Рождествено,Christmas
Кедровка,Kedrovka
Вахтан,Vakhtan
Воробьевка,Vorobyevka
Улу-Теляк,Ulu-Telyak
Серноводск,Sernovodsk
Пелым,Pelym
Колтубановский,Koltubanovsky
Большая Атня,Great Atnya
Перелешинский,Perelyashinsky
Магистральный,Trunking
Отрадо-Кубанское,Otrado-Kuban
Удобная,Convenient
Мечетинская,Mechetinskaya
Бурла,Burla
Горняцкий,Gornyatsky
Успенка,Uspenka
Новоегорьевское,New Goryevsky
Калинин,Kolin
Татарская Каргала,Tatar Kargala
Семилетка,Seven Years
Старосубхангулово,Starosubhanguulovo
Бекешевская,Bekeshevskaya
Локомотивный,Locomotive
Челбасская,Chelbaska
Незлобная,Not malicious
Тинской,Tinskaya
Гайны,Gaines
Станционно-Ояшинский,Station-Oyashinsky
Уршельский,Urshelsky
Ветлужский,Vetluga
Губская,Guba
Новощербиновская,Novoshcherbinovskaya
Старобачаты,Starobachats
Подгородняя Покровка,Suburban Pokrovka
Сандата,Sandata
Горное Лоо,Mountain Loo
Дмитриевское,Dmitrievskoe
Глебовка,Glebovka
Гирей,Girey
Коноково,Konokovo
Комсомолец,Komsomolets
Кедровый,Cedar
Грахово,Grahovo
Посевная,Sowing
Приупский,Priupsky
Курья,Kurya
Партизанское,Partisan
Мелехово,Melekhovo
Лямино,Lyamino
Новая Таволжанка,New Tavolzhanka
Стрелица,Strelitza
Тайтурка,Taiturka
Армизонское,Armizonskoye
Терновская,Ternovskaya
Никольское,Nikolsky
Жигалово,Zhigalovo
Кыштовка,Kyshtovka
Кузедеево,Kuzedeevo
Нижний Чир,Lower Chir
Черемное,Cheremnoe
Павловский,Pavlovsky
Лузино,Lusino
Железнодорожный,Railway
Столбище,Column
Приморка,Primrose
Нижняя Омка,Lower Omka
Подгорная,Podgornaya
Мстера,Mstera
Спиридоновка,Spiridonovka
Колосовка,Column
Новобелокатай,Novobelokatay
Большие Чапурники,The Great Chapurniki
Туношна,The turkish
Пригородный,Suburban
Шамары,Shamary
Пировское,Pirovskoye
Волга,Volga
Мухтолово,Mukhtolovo
Адагум,Adagum
Соколово,Sokolovo
Баговская,Bagovskaya
Большие Салы,Greater Sala
Ахтанизовская,Akhtanizovskaya
Верхнебаканский,Upper Balkan
Эдиссия,Edicy
Бершеть,Tear
Углянец,Uglyaniec
Головино,Golovino
Бутка,Butcher
Орловка,Orlovka
Успенская,Assumption
Новоселово,Novoselovo
Надежда,Hope
Барышево,Baryshevo
Итатский,Itatian
Вознесенская,Ascension
Стародубское,Starodub
Улькан,Ulkan
Артышта,Artyshtas
Новохоперский,Novokhopersky
Бобровка,Bobrovka
Чермоз,Chermoz
Щелкун,The Clicker
Куяново,Kuyanovo
Тонкино,Tonkino
Быстрый Исток,Quick Source
Новобессергеневка,Novoeisserenevka
Бурмакино,Burmakino
Айша,Aisha
Баган,Bagan
Маслянино,Maslyanino
Прасковея,Praskovya
Лукино,Luchino
Павловка,Pavlovka
Нижний Ингаш,Lower Ingash
Кама,Kama
Передовая,Advanced
Новонукутский,Novonukutsk
Плеханово,Plekhanovo
Григорьевская,Grigoryevskaya
Тюбук,Tyubuk
Землянск,Zemlyansk
Балахоновское,Balakhonovskoye
Тайжина,Taiga
Шварцевский,Shvartsevsky
Красноярский,Krasnoyarsk
Березовый,Birch
Новоалексеевская,Novoalekseevskaya
Толмачево,Tolmachevo
Солуно-Дмитриевское,Soluno-Dmitrievskoe
Новосинеглазовский,Novosineglazovsky
Староалейское,Staroaleiskoe
Темясово,Temyasovo
Киренск,Kirensk
Каясула,Kayasula
Дмитриевская,Dmitrievskaya
Сотниковское,Sotnikovo
Екатериновка,Ekaterinovka
Константиновская,Konstantinovskaya
Центральный,Central
Сентябрьский,September
Горячеводский,Goryachevodsky
Двубратский,Dvubratsky
Пятницкое,Pyatnitskoye
Лесогорск,Lesogorsk
Заплавное,Zaplavnoe
Знаменское,Znamenskoe
Варнавино,Varnavino
Тогул,Togul
Петрокаменское,Petrokamenskoye
Нижняя Мактама,Lower Maktama
Георгиевка,Georgievka
Синявское,Sinyavskoe
Выездное,Outbound
Красноармейский,Red Army
Незамаевская,Nezamayevskaya
Стрелка,Arrow
Угловское,Uglovsky
Новоселезнево,Novoseleznevo
Темиртау,Temirtau
Пожва,Pozhva
Горный Щит,Mountain Shield
Горбатов,Gorbatov
Дубки,Oaks
Махнево,Makhnevo
Верх-Катунское,Upper Katun
Быстрогорский,Bystrogorsky
Бешпагир,Beshpagir
Подкумок,Podpumok
Высоцкое,Vysotsky
Червишево,Chervishevo
Темижбекский,Temizhbek
Мишелевка,Michelette
Чекалин,Chekalin
Копанская,Copan
Новобейсугская,Novoibysugskaya
Староджерелиевская,Starogzherelyevskaya
Магнитка,Magnitogorsk
Сатис,Satis
Ныроб,Nybyb
Всеволодо-Вильва,Vsevolod-Vilva
Панкрушиха,Pankrushisha
Соколовское,Sokolovskoye
Новозаведенное,Newly prepared
Тищенское,Tishchenskoye
Тюменцево,Tyumentsevo
Тюхтет,Tyuhtet
Старопавловская,Staropavlovskaya
Перелешино,Pereleshino
Береза,Birch
Барсуки,Badgers
Сокур,Sokur
Приволжский,Privolzhsky
Воронцовка,Vorontsovka
Новомалороссийская,Novomarossiyskaya
Преградное,Preventive
Локосово,Lokosovo
Нежинский,Nezhinsky
Ташара,Tashara
Виля,Vilya
Межевой,Mezhevoy
Сомово,Somovo
Воля,Will
Орел-Изумруд,Eagle-Emerald
Тыреть 1-я,Tear 1st
Марьинская,Maryinskaya
Юрты,Yurt
Дракино,Drakino
Барсово,Barsovo
Сухобезводное,Dry-watered
Северо-Енисейский,The North-Yenisei
Гусевский,Gusevsky
Андрюки,Andryuki
Курьи,Kuryi
Гари,Gary
Довольное,Satisfied
Орлово,Orlovo
Новобирилюссы,Newbirilussa
Белогорск,Belogorsk
Кваркено,Quarkeno
Высокий,Tall
Овсянка,Oatmeal
Чаны,Vans
Казачинское,Kazachinskoye
Убинское,Ubinskoe
Михайловская,Mikhailovskaya
Николаевка,Mykolaivka
Байкит,Baikit
Николаевская,Mykolayiv
Подгорное,Podgornoye
Суроватиха,Surovatyha
Дзержинское,Dzerzhinskoye
Чарышское,Charyshsky
Красный Коммунар,Red Communard
Луговской,Lugovskoy
Юровка,Yurovka
Белозерный,White-grain
Гидроторф,Hydrotorf
Чистогорский,Chistogorsky
Красная Горка,Red hill
Летник,Letnik
Иргаклы,Irgakly
Майкопское,Maikop
Левиха,Levicha
Мартюш,Martyush
Матмасы,Matmasi
Иловка,Ilovka
Новоильинский,Novoiliinsky
Сарс,Sars
Канглы,Kangli
Калья,Kalla
Дмитриевка,Dmitrievka
Алексеевск,Alekseevsk
Рудногорск,Rudnogorsk
Лосево,Losevo
Высокое,High
Игарка,Igarka
Северка,Severka
Ковалевское,Kovalevskoye
Углеуральский,Ugleuralsky
Горноправдинск,Gornopravdinsk
Туруханск,Turukhansk
Инзер,Inzer
Новоукраинский,New Ukrainian
Нижняя Пойма,Lower Poyma
Нагутское,Nagut
Сява,Syava
Черноерковская,Chernokerovskaya
Унъюган,Unyugan
Дружба,friendship
Гремячево,Gremyachevo
Мотыгино,Motygino
Нижнетроицкий,Nizhnetroitsky
Чернолесское,Chernolenskoe
Кочки,Hummock
Анджиевский,Andzhievsky
Пирогово,Pirogovo
Прикубанский,Prikubansky
Упорная,Persistent
Круглолесское,Kruglolesskoye
Бетьки,Betki
Заветный,Cherished
Хатанга,Khatanga
Синегорский,Sinegorsky
Совхозный,State farm
Уфимский,Ufa
Ишня,Ishnya
Красногвардейский,Krasnogvardeysky
Заводоуспенское,Zavodoupenskoe
Память Парижской Коммуны,Memory of the Paris Commune
Савинка,Savinka
Отрадо-Ольгинское,Otrado-Olginsky
Мортка,Mortka
Кошурниково,Koshurnikovo
Керчевский,Kerchevsky
Марковский,Markovsky
Засосна,Sucking
Лебяжье,Swabian
Сухая Буйвола,Dry Buffalo
Теплая Гора,Warm Mountain
Восточный,Oriental
Черемухово,Cheremukhovo
Пашия,Pashia
Левокумка,Levokumka
Онохино,Onohino
Ломинцевский,Lomintsevsky
